Name,MW,logP,formula,CAS,vaporPressure,solubility,class,SMILES,nc,nh,nn,no,nring,pKa,henryConstant,Mo,D,chi,kp,kg,Ksc,Csat
"1,3-Bis(2-chloroethylthio)-n-propane",233.2,3.48,C7H14Cl2S2,63905-10-2,0.00101,0.03,Blister agent,C(CSCCCl)CSCCCl,7,14,0,0,0,undefined,undefined,0.24930544266366944,2.9166364406583785e-11,16.173121277642338,0.015519581288304073,594.2062098929894,62.016279269569516,1.8604883780870853
1-Bromo-2-butanone,151.0,0.6,C4H7BrO,816-40-0,3.63,23.1,Riot control,CCC(=O)CBr,4,7,0,1,0,0.0,7.58e-06,19.72604124799186,8.417871610514462e-11,1591.7199153866377,0.0005628594992827295,701.7575048524229,6.3726953699010975,147.20926304471536
1-Chloroacetophenone,154.6,1.93,C8H7ClO,532-27-4,0.0076,1.64,Riot control,C1=CC=C(C=C1)C(=O)CCl,8,7,0,1,1,0,3.46e-06,3.360228987028419,8.036043844732041e-11,5.901191835691364,0.004055458858847612,620.8583225970729,15.290448612251636,25.07633572409268
"2,3,7,8-Tetrachlorodibenzodioxin",321.98,6.8,C12H4Cl4O2,1746-01-6,1.5e-09,0.001,Blood agent,C1=C2C(=CC(=C1Cl)Cl)OC3=CC(=C(C=C3O2)Cl)Cl,12,4,0,2,3,undefined,undefined,1.763806722973149,9.283554634114028e-12,1.9414698285771807e-05,0.7672060165827632,573.2109773341298,13162.73673860559,13.16273673860559
2-Chloroethyl ethyl sulfide,124.63,2.16,C4H9ClS,693-07-2,3.4,1.39,Blister agent,CCSCCCl,4,9,0,0,0,undefined,undefined,3.379622206866524,1.182699185162e-10,1381.6703969439475,0.008465877889745357,713.1514162449104,18.144648377893933,25.221061245272566
2-Chloroethylchloromethylsulfide,110.6,1.66,C3H6Cl2S,542-81-4,8.98,4.11,Blister agent,CSCCCl,3,6,0,0,0,undefined,undefined,6.956016842442341,1.4172363982557662e-10,2141.4945929717874,0.004745041334939827,781.5546449883732,12.6303098421076,51.91057345106224
2-chlorobenzilidene malononitrile,188.62,2.76,C10H5ClN2,2698-41-1,3.4e-05,0.12,Riot control,C1=CC=C(C(=C1)C=C(C#N)C#N)Cl,10,5,2,0,1,0,1.02e-08,0.4792412092341928,5.182392445650682e-11,0.17867801261461227,0.009232684604807598,573.7275566086071,29.803557788196066,3.576426934583528
3-quinuclidinyl benzilate,337.4,3.01,C21H23NO3,6/2/6581,2.38e-10,0.2,Psychomimetic,C1CN2CCC1C(C2)OC(=O)C(C3=CC=CC=C3)(C4=CC=CC=C4)O,21,23,1,3,2,8.33,5.34e-11,1.0099679202776957,7.609608217617281e-12,4.764176141478082e-06,0.001982257181831109,437.1674096998343,37.68537015961551,7.537074031923102
Acetone cyanohydrin,85.11,-0.03,C4H7NO,75-86-5,0.341,1000.0,Blood agent,CC(C)(C#N)O,4,7,1,1,0,undefined,undefined,586.7669387600671,1.9687306272396707e-10,2.2152778458587825,0.0005053403769827152,716.9176011224475,4.378857751940799,4378.857751940799
Acrolein,56.06,-0.01,C3H4O,107-02-8,274.0,212.0,Lung injurant,C=CC=O,3,4,0,1,0,0.0,0.000122,125.85075892588152,2.86329633647493e-10,4248.334697300429,0.000757641927002563,825.6708216131146,4.430116830677327,939.1847681035933
Adamsite,277.59,4.05,C12H9AsN,578-94-9,2e-13,0.001,Vomiting agent,C1=CC=C2C(=C1)NC3=CC=CC=C3[As]2Cl,12,9,1,0,2,undefined,undefined,0.01701546759171059,1.6455015571156392e-11,7.904804562838566e-08,0.02082073228528692,550.9920498447534,126.98110143067602,0.12698110143067604
Allyl isothiocyanate,99.15,2.15,C4H5NS,57-06-7,3.7,1.73,Riot control,C=CCN=C=S,4,5,1,0,0,0.0,0.000241,4.174341176391298,1.6427152829216388e-10,719.0189363065178,0.01158137169029727,729.8674518570037,18.006820707407893,31.151799823815654
Ammonia,17.03,-1.38,NH3,7664-41-7,1.66e-13,1000.0,Lung injurant,N,0,3,1,0,0,0,3.45e-06,279.03529688412436,4.736246502727205e-10,1.4440940941931958e-12,0.00015625430804638892,1483.531472112908,2.0823529618218237,2082.3529618218236
Arsine,77.95,-0.68,AsH3,7784-42-1,11400.0,34.71,Blood agent,[AsH3],0,3,0,0,0,undefined,undefined,14.086251934004224,2.1591474296868122e-10,8972525.064648207,0.00020638588879965276,1344.3747010010054,3.028559005750036,105.12128308958376
Benactyzine,327.43,2.89,C20H25NO3,302-40-9,2.15e-08,0.29,Psychomimetic,CCN(CC)CCOC(=O)C(C1=CC=CC=C1)(C2=CC=CC=C2)O,20,25,1,3,2,9.0,2.07e-10,1.3053437401783692,8.653549805398573e-12,0.0003075712037809569,0.0018784169566363736,442.3548063539007,33.59093515641712,9.741371195360964
Benperidol,381.45,3.91,C22H24FN3O2,2062-84-2,1.28e-10,0.008,Psychomimetic,C1CN(CCC1N2C3=CC=CC=C3NC2=O)CCCC(=O)C4=CC=C(C=C4)F,22,24,3,2,4,6.15,1.45E-15,0.11282934025097416,4.3120352017100605e-12,3.291018247855305e-05,0.004410420519166754,442.02282575119744,105.25125023411768,0.8420100018729414
Bis(2-chloroethylthio) methane,205.16,3.29,C5H10Cl2S2,63869-13-6,0.00603,0.06,Blister agent,C(CCl)SCSCCCl,5,10,0,0,0,undefined,undefined,0.40376313717226336,4.187032169054614e-11,43.70988133979163,0.016691831808855,657.6834047268422,50.21929566819196,3.0131577400915175
Bis(2-chloroethylthioethyl) ether,263.2,2.71,C8H16Cl2OS2,63918-89-8,0.000109,0.1,Blister agent,C(CSCCCl)OCCSCCCl,8,16,0,1,0,undefined,undefined,0.3819037385544805,1.9809900655188258e-11,2.658265878262206,0.0032709959017860617,563.3237243551786,28.50027899660302,2.850027899660302
Bis(2-chloroethylthiomethyl) ether,235.2,1.73,C6H12Cl2OS2,63918-90-1,0.000822,0.95,Blister agent,C(CCl)SCOCSCCCl,6,12,0,1,0,undefined,undefined,1.688015669511114,2.8423810403418527e-11,6.345386725246582,0.0010584735256607793,613.4011334947876,13.260138802129724,12.597131862023238
Bromine,159.81,1.03,Br2,7726-95-6,212.0,33.6,Lung injurant,BrBr,0,0,0,0,0,0,0.0245,37.49973333534558,7.51391534138225e-11,141910.14414993118,0.0009657484060002194,2526.20688407169,8.328832030771496,279.84875623392224
Bromoacetone,136.98,0.11,C3H5BrO,598-31-2,90.0,69.63,Riot control,CC(=O)CBr,3,5,0,1,0,0,5.71e-06,44.34058946063341,1.0085891632750432e-10,22598.922454852604,0.0003202668586409805,759.781061334076,4.752260826482988,330.8999213480105
Bromobenzyl cyanide,196.05,1.83,C8H6BrN,5798-79-8,0.00653,0.68,Riot control,C1=CC=C(C=C1)C(C#N)Br,8,6,1,0,1,0,2.84e-07,1.2966051589644505,4.7089306837002415e-11,30.580306097350192,0.0020413618772792655,616.2865946543063,14.22964397458791,9.67615790271978
Butyrophenone,148.21,2.77,C10H12O,495-40-9,0.0845,0.33,Psychomimetic,CCCC(=O)C1=CC=CC=C1,10,12,0,1,1,0.0,1.73e-05,1.329864099289006,8.72622280592648e-11,74.06536022127186,0.015784251784388897,572.5466410899517,30.07381499975138,9.924358949917956
Cacodyl cyanide,131.01,0.85,C3H6AsN,683-45-4,2.45,9.27,Blood agent,C[As](C)C#N,3,6,1,0,0,undefined,undefined,9.236953527362523,1.0892969750199617e-10,1320.872743285235,0.001064986248405618,755.1029895602064,7.436082956868186,68.93248901016808
Cadmium oxide,128.41,-0.07,CdO,1306-19-0,4.14e-09,107.3,Lung injurant,O=[Cd],0,0,0,1,0,0,6.52e-15,61.51475478844275,1.1264354186733039e-10,1.2867178956243737e-06,0.00027208462418963733,1313.348202865586,4.278334895080243,459.06533424211005
Capsaicin,305.42,4.0,C18H27NO3,404-86-4,1.32e-05,0.001,Riot control,CC(C)C=CCCCCC(=O)NCC1=CC(=C(C=C1)O)OC,18,27,1,3,1,10.06,1.04e-13,0.01589868476916207,1.1493447002752534e-11,7.189613296870462,0.013478699777144151,446.7598495327354,118.6469012624035,0.1186469012624035
"Carbamic acid, (2-chloroethyl)nitroso-, methyl ester",166.57,1.47,C4H7ClN2O3,13589-15-6,0.00468,3.53,Blister agent,COC(=O)N(CCCl)N=O,4,7,2,3,0,undefined,undefined,5.249465623188386,6.886686252375701e-11,4.500950695528399,0.0017274600003696196,654.3895121296755,11.09776673964819,39.175116590958105
Carbon Monoxide,28.01,0.4,CO,630-08-0,8730.0,49.74,Blood agent,[C-]#[O+],1,0,0,1,0,undefined,undefined,37.629895720033666,4.110988837956199e-10,153612.5037267636,0.0020283551543239593,1177.9883741110102,5.645760299832812,280.8201173136841
Carfentanil,394.52,3.39,C24H30N2O3,59708-52-0,2.03e-10,0.01,Psychomimetic,CCC(=O)N(C1=CC=CC=C1)C2(CCN(CC2)CCC3=CC=CC=C3)C(=O)OC,24,30,2,3,3,7.05,4.37e-13,0.07507046369695093,3.643261107110042e-12,0.00010664882389554649,0.0016907834961484881,418.4764436434294,56.022734102202186,0.5602273410220219
Chlorine,70.91,0.85,Cl2,7782-50-5,5850.0,6.3,Lung injurant,ClCl,0,0,0,0,0,0,0.0104,6.277541232188123,2.36432022657956e-10,4105718.65332174,0.002311553768969518,2678.93633003529,7.436082956868186,46.84732262826957
Chloroacetone,92.53,0.02,C3H5ClO,78-95-5,12.0,90.0,Riot control,CC(=O)CCl,3,5,0,1,0,13.5,1.65e-05,54.3698537063031,1.7890986895087607e-10,1045.5702084720936,0.0004954866982689162,780.4694528979245,4.508279743474552,405.74517691270967
Chloromethyl chloroformate,128.94,0.39,C2H2Cl2O2,22128-62-7,27.7,43.12,Riot control,C(OC(=O)Cl)Cl,2,2,0,2,0,0.0,0.000829,32.426346812436115,1.1187635223000112e-10,6762.158530212145,0.0005436707898378285,824.9443898379557,5.611958784308302,241.98766277937398
Chloropicrin,164.38,2.09,CCl3NO2,76-06-2,23.8,1.62,Lung injurant,C([N+](=O)[O-])(Cl)(Cl)Cl,1,0,1,2,0,0.0,0.00205,3.735487961406769,7.083930596149522e-11,25411.249074545238,0.004559025275894909,891.6185648240663,17.207886315675182,27.876775831393797
Chlorotrifluoride,92.45,0.53,ClF3,7790-91-2,9.53e-08,7.84,Lung injurant,FC(F)(Cl)F,0,0,0,0,0,0,0.0245,6.4155854553676965,1.790945201020611e-10,0.0001469728719187139,0.0010766635241146686,2617.130840560337,6.106824413044182,47.87750339826639
Crotonaldehyde,70.09,0.6,C4H6O,4170-30-3,30.0,181.0,Riot control,CC=CC=O,4,6,0,1,0,8.56,1.94e-05,154.56335350158125,2.389451927846337e-10,292.47417562018427,0.0015977028136041462,747.6129126224507,6.3726953699010975,1153.4578619520987
Cyanobromide,105.92,-0.29,BrCN,506-68-3,12.1,108.4,Blood agent,C(#N)Br,1,0,1,0,0,undefined,undefined,54.761366549655776,1.5053944050343025e-10,2457.2901444792496,0.00026028431627867947,1005.4544179508681,3.7699899866205717,408.66691454966997
Cyanogen,52.04,0.07,C2N2,460-19-5,4300.0,118.5,Blood agent,C(#N)C#N,2,0,2,0,0,undefined,undefined,73.7108357075996,3.015631683861878e-10,102735.79454624104,0.0009011062459923163,911.1762664115133,4.642032603287335,550.0808634895492
Cyanogen chloride,61.47,-0.38,CClN,506-77-4,73.0,360.61,Blood agent,C(#N)Cl,1,0,1,0,0,undefined,undefined,173.0906560817184,2.67036297365633e-10,1754.1431218731727,0.0004026873621309591,1055.0589493433272,3.582045184666744,1291.7213140426745
Cyclosarin,180.16,1.67,C7H14FO2P,329-99-7,0.044,3.7,Nerve agent,CP(=O)(OC1CCCCC1)F,7,14,0,2,1,undefined,2.8e-06,6.3055707685957,5.779713321549072e-11,35.92755580149925,0.001964735082400253,612.3706326277604,12.717972506243846,47.056498273102235
Desflurane,168.04,1.2,C3H2F6O,57041-67-5,664.0,5.95,Psychomimetic,C(C(F)(F)F)(OC(F)F)F,3,2,0,1,0,0.0,7.10E-2,7.405903796780732,6.757379307867637e-11,691535.398327228,0.0011245428277165408,770.7590580549787,9.288729207049707,55.26793878194576
"Dibenz[b,f][1,4]oxazepine",195.22,3.49,C13H9NO,257-07-8,0.000129,0.01,Riot control,C1=CC=C2C(=C1)C=NC3=CC=CC=C3O2,13,9,1,1,3,4.4,9.77e-06,0.0840616735292561,4.759598265624582e-11,2.932843646060777,0.025713902923537726,556.5893602984661,62.73259218601201,0.6273259218601202
Diisopropyl fluorophosphate,184.15,1.17,C6H14FO3P,55-91-4,0.579,15.4,Nerve agent,CC(C)OP(=O)(OC(C)C)F,6,14,0,3,0,undefined,3.2e-06,18.79990610781479,5.489872997275067e-11,256.07732366860034,0.0008728909684563437,600.0584616554834,9.110247193164756,140.29780677473724
Diisopropylaminoethyl methyl thiolophosphonate,239.32,1.52,C9H22NOP2S,73207-98-4,5.14e-06,331.32,Nerve agent,CC(C)N(CCSP(=O)(C)O)C(C)C,9,22,1,2,0,undefined,4.38e-12,509.5821396400715,2.6953197747284347e-11,0.00014527145331301005,0.0007294709474822428,530.5005383217147,11.477881770972903,3802.8517883587424
Dimethylheptylpyran,370.58,9.54,C25H38O2,32904-22-6,3.02e-09,0.0001,Psychomimetic,CCCCCC(C)C(C)C1=CC(=C2C3=C(CCC(C3)C)C(OC2=C1)(C)C)O,25,38,0,2,3,8.74,4.21e-07,28.633566328919855,4.960829462092485e-12,9.456922075200784e-06,26.372542446700727,414.19504454833867,2136833.308128347,213.68333081283473
Dinitrogen tetroxide,92.01,0.43,N2O4,10544-72-6,1e-11,52.92,Lung injurant,[N+](=O)([N+](=O)[O-])[O-],0,0,2,4,0,0.0,0.0245,40.76461030511301,1.8011351327019053e-10,9.296669322801163e-10,0.0009301307450087415,924.3750111267536,5.748554605813478,304.2135097396493
Diphenylchloroarsine,264.59,4.52,C12H10AsCl,712-48-1,0.00018,0.001,Vomiting agent,C1=CC=C(C=C1)[As](C2=CC=CC=C2)Cl,12,10,0,0,2,undefined,undefined,0.03364628097717668,1.9458004414997694e-11,28.292398672631172,0.05029166337957385,555.2797628228344,251.09164908340802,0.25109164908340803
Diphenylcyanoarsine,255.15,3.29,C13H10AsN,23525-22-6,7.16e-06,0.02,Vomiting agent,C1=CC=C(C=C1)[As](C#N)C2=CC=CC=C2,13,10,1,0,2,undefined,undefined,0.13458771239075448,2.1976690782796848e-11,0.3009803600675061,0.008761127487216932,536.5516888941153,50.21929566819196,1.0043859133638393
Diphosgene,197.83,1.49,C2Cl4O2,503-38-8,10.9,2.39,Lung injurant,C(=O)(OC(Cl)(Cl)Cl)Cl,2,0,0,2,0,0,0.000103,3.6022671402912576,4.602081416410511e-11,33643.30315989211,0.001190013806248802,824.7491738225997,11.24794585740104,26.88259059918849
Disulfur decafluoride,254.1,3.06,F10S2,5714-22-7,5.38e-09,0.05,Lung injurant,FS(F)(F)(F)(F)S(F)(F)(F)(F)F,0,0,0,0,0,0.0,119.0,0.26525076180219853,2.227626099666737e-11,0.0005820476816406117,0.006260946604664121,2477.271666436704,39.58966594062664,1.979483297031332
Ditran,339.43,3.02,C19H27NO3,8015-54-1,5.26e-09,0.26,Psychomimetic,CCN1CCCC1COC(=O)C(C2CCCC2)(C3=CC=CC=C3)O.CCN1CCCC1COC(=O)C(C2CCCC2)(C3=CC=CC=C3)O.Cl.Cl,19,27,1,3,3,7.0,2.05e-09,1.325879522640514,7.413005077634626e-12,8.585107853545463e-05,0.0019606135510576747,455.58261526399906,38.056243474182374,9.894623303287418
Enflurane,184.49,2.1,C3H2ClF5O,13838-16-9,227.0,5.62,Psychomimetic,C(C(OC(F)F)(F)F)(F)Cl,3,2,0,1,0,0.0,1.26E-2,13.056744046979222,5.4658574063034225e-11,86143.13278697098,0.0035715439602905354,767.3726164894654,17.33779153208055,97.4383884102927
Ethyl bromoacetate,167.0,1.12,C4H7BrO2,105-36-2,1.68,7.02,Lung injurant,CCOC(=O)CBr,4,7,0,2,0,0.0,2.68e-05,8.298377180813194,6.848607823132057e-11,1462.0958806298868,0.0010092528860766855,686.245043783731,8.821679190386947,61.928187916516364
Ethyl iodoacetate,214.0,1.62,C4H7IO2,623-48-3,0.638,1.52,Riot control,CCOC(=O)CI,4,7,0,2,0,0.0,1.74e-05,2.5026270423289656,3.7359606873136964e-11,2786.7352443953346,0.0011770637907805694,678.7297010707932,12.287053428559336,18.67632121141019
Ethyldichloroarsine,174.89,2.34,C2H5AsCl2,598-14-1,2.29,0.59,Blister agent,CC[As](Cl)Cl,2,5,0,0,0,undefined,undefined,1.6508554536501217,6.18611939161959e-11,5235.115929131711,0.005821246636409858,834.4222249048851,20.881045454719473,12.319816818284488
Etonitazene,396.49,5.11,C22H28N4O3,911-65-9,3.28e-12,0.003,Psychomimetic,CCN(CC)CCN1C2=C(C=C(C=C2)[N+](=O)[O-])N=C1CC3=CC=C(C=C3)OCC,22,28,4,3,3,6.01,2.5e-13,0.2607464845341924,3.5518801050911667e-12,4.4256834326837773e-07,0.02250380728386502,427.01538898445824,648.6230958562,1.9458692875686001
Etorphine,411.55,2.79,C25H33NO4,14521-96-1,2.88e-12,0.11,Psychomimetic,CCCC(C)(C1CC23C=CC1(C4C25CCN(C3CC6=C5C(=C(C=C6)O)O4)C)OC)O,25,33,1,4,4,7.05,5e-18,0.45140262097683115,2.9249759369323465e-12,4.4370218503380606e-07,0.0005454061113978666,417.42760579044966,30.624329781331827,3.368676275946501
Fluomine dust,361.22,4.93,C16H12F2N2O2,62207-76-5,3.12e-10,0.001,Lung injurant,C1=CC(=C(C(=C1)F)C=NCCN=CC2=C(C=CC=C2F)[O-])[O-].[Co+2],16,12,2,2,2,8.48,5.83e-09,0.06447979775283977,5.597193196892707e-12,0.00010881582658538302,0.026975406629806863,484.08953165706714,481.1925205435804,0.48119252054358036
Fluorine,38.0,0.22,F2,7782-41-4,202000000.0,3.0,Lung injurant,FF,0,0,0,0,0,0.0,0.0245,2.038509993101131,3.614117746523958e-10,292986317544.6292,0.001356438162909269,2886.859421997687,5.070920380848584,15.212761142545752
Glycolonitrile,57.05,-1.61,C2H3NO,107-16-4,0.203,1000.0,Blood agent,C(C#N)O,2,3,1,1,0,undefined,undefined,248.1787013229349,2.8269771462637076e-10,8.284111099951554,6.575367034620001e-05,874.190809018199,1.852079860618917,1852.079860618917
HCN,27.03,-0.25,CHN,74-90-8,742.0,1000.0,Blood agent,C#N,1,1,1,0,0,undefined,undefined,516.8507597865633,4.163267321158741e-10,1636.202109330394,0.0007649481523934196,1159.8745129172632,3.8570952222877857,3857.095222287786
HN-1,170.08,1.4,C6H13ClN,538-07-8,0.25,0.16,Blister agent,CCN(CCCl)CCCl,6,13,1,0,0,undefined,undefined,0.22706950163208464,6.581945737653014e-11,5960.845445729499,0.0014844036036362517,618.8403120013672,10.590928247765142,1.6945485196424226
HN-2,156.05,0.91,C5H11ClN,51-75-2,0.17,12.0,Blister agent,CN(CCCl)CCCl,5,11,1,0,0,undefined,undefined,12.414972505370294,7.887189902366016e-11,91.8983554539578,0.0008447340493894469,652.6619578747469,7.720754045628291,92.6490485475395
HN-3,204.5,1.65,C6H12ClN,555-77-1,0.011,0.16,Blister agent,C(CCl)N(CCCl)CCCl,6,12,1,0,0,undefined,undefined,0.26893038781801915,4.222817353452673e-11,334.87243250663676,0.0013925153782328047,616.460692964867,12.543394954198654,2.0069431926717844
Halothane,197.38,2.3,C2HBrClF3,151-67-7,302.0,4.07,Psychomimetic,C(C(F)(F)F)(Cl)Br,2,1,0,0,0,0.0,0.0203,11.032060087696122,4.628862684462597e-11,167770.09999350857,0.00409894414155589,872.6958146301592,20.228208015871722,82.32880662459792
Hexamethylene diisocyanate,168.2,3.2,C8H12N2O2,822-06-0,0.0208,0.12,Riot control,C(CCCN=C=O)CCN=C=O,8,12,2,2,0,7.68,4.8e-05,0.7341315710537831,6.7434524201893e-11,37.792583325415656,0.023446606780007026,564.8986112103798,45.65494844861835,5.478593813834202
Hydrogen chloride,36.46,0.25,HCl,7647-01-0,4.16e-08,42.37,Lung injurant,Cl,0,0,0,0,0,0.0,0.00773,29.307448789945607,3.6866023670432026e-10,3.8626367581942355e-06,0.001448184850492481,2904.3459522416942,5.161961397275883,218.71230440257915
Hydrogen sulfide,34.08,-1.38,H2S,6/4/7783,3.81e-09,1000.0,Blood agent,S,0,2,0,0,0,undefined,undefined,279.03529688412436,3.8014938969989794e-10,8.866971179595641e-08,0.00012541572700578647,1591.8228818618197,2.0823529618218237,2082.3529618218236
Iodoacetone,183.98,0.52,C3H5IO,4/3/3019,3.73,18.81,Riot control,CC(=O)CI,3,5,0,1,0,0.0,3.7e-06,15.299378257719313,5.501920333237805e-11,4508.841580500797,0.00032577068421836016,748.3044602896761,6.069881159481426,114.17446460984561
Isoflurane,184.49,2.06,C3H2ClF5O,26675-46-7,188.0,4.47,Psychomimetic,C(C(F)(F)F)(OC(F)F)Cl,3,2,0,1,0,0.0,0.0287,10.078241260823347,5.4658574063034225e-11,95319.43212027356,0.00336090316753757,767.3726164894654,16.825672411137845,75.21075567778617
Ketene,42.04,-0.52,C2H2O,463-51-4,10400.0,363.0,Lung injurant,C=C=O,2,2,0,1,0,0.0,0.000116,161.02917547996617,3.430664887554931e-10,146728.33401088833,0.0004181922691166169,946.8748317059749,3.3104965971786964,1201.7102647758668
Lactonitrile,71.08,-0.94,C3H5NO,78-97-7,0.119,465.6,Blood agent,CC(C#N)O,3,5,1,1,0,undefined,undefined,163.9290698986183,2.3591431686856053e-10,5.026053927044034,0.00015189798053172739,781.0696149685825,2.627472654424692,1223.3512679001365
Lewisite,207.31,2.56,C2H2AsCl3,541-25-3,0.58,0.5,Blister agent,C(=C[As](Cl)Cl)Cl,2,2,0,0,0,undefined,undefined,1.676541994012312,4.072548805431602e-11,2076.666845448701,0.005353822887808348,859.2995742036309,25.023014836004656,12.511507418002328
Lysergic acid diethylamide,323.44,2.95,C20H25N3O,50-37-3,2.04e-08,0.02,Psychomimetic,CCN(CC)C(=O)C1CN(C2CC3=CNC4=CC=CC(=C34)C2=C1)C,20,25,3,1,4,5.66,1.53e-16,0.09529815029614287,9.110417875563922e-12,0.003764244556842229,0.0021663867959310955,459.42215976109446,35.55901130453092,0.7111802260906184
Mercuric Chloride,271.5,-0.22,HgCl2,7487-94-7,5.93e-12,69.0,Lung injurant,Cl[Hg]Cl,0,0,0,0,0,0,7.67e-17,36.28058158107711,1.7799274369231053e-11,9.06574592157619e-08,3.422945623160411e-05,2471.8386283886784,3.923921866869685,270.7506088140083
Methanesulfonyl fluoride,98.1,0.55,CH3SO2F,558-25-8,10.9,30.0,Nerve agent,CS(=O)(=O)F,1,3,0,2,0,undefined,2.81e-05,24.849546270311606,1.6651075790820044e-10,1708.0744441848774,0.0010319056729156731,919.1037804576526,6.181479171719305,185.44437515157915
Methyl bromide,94.94,1.19,CH3Br,74-83-9,1620.0,15.2,Lung injurant,CBr,1,3,0,0,0,15.4,0.00734,18.79717915148903,1.7343562016610813e-10,193646.4768783541,0.0028427325348573153,1011.15318501103,9.228780023315508,140.27745635439572
Methyl cyanoformate,85.06,-1.1,C3H3NO2,17640-15-2,4.27,599.1,Blood agent,COC(=O)C#N,3,3,1,2,0,undefined,undefined,193.59795010582164,1.9700003240400123e-10,250.57587641513757,9.946356012742253e-05,764.0843989039287,2.411552030855009,1444.7608216852361
Methyl isocyanate,57.05,0.79,C2H3NO,624-83-9,348.0,29.2,Lung injurant,CN=C=O,2,3,1,1,0,5.96,0.000926,28.029092599947028,2.8269771462637076e-10,12674.950421755773,0.002523015972954774,874.190809018199,7.1634360560077255,209.17233283542558
Methyl vinyl ketone,70.09,0.41,C4H6O,78-94-4,91.3,60.63,Lung injurant,CC(=O)C=C,4,6,0,1,0,0.0,4.65e-05,46.14501762699601,2.389451927846337e-10,3546.729400133492,0.0011970050978502677,747.6129126224507,5.679792234645181,344.36580318653733
Methyldichloroarsine,160.86,1.85,CH3AsCl2,593-89-5,54.4,1.8,Blister agent,C[As](Cl)Cl,1,3,0,0,0,undefined,undefined,3.4815165872144425,7.412868526292436e-11,77201.03467135313,0.00331271443401467,977.7428980464781,14.43414837153583,25.981467068764495
N-Ethyl-3-piperidyl benzilate,339.44,3.2,C21H25NO3,12/2/3567,2.87e-10,0.14,Psychomimetic,CCN1CCCC(C1)OC(=O)C(C2=CC=CC=C2)(C3=CC=CC=C3)O,21,25,1,3,3,8.3,1.21E-10,0.8564868328960804,7.412049271059877e-12,6.441392896244139e-06,0.002577128062359784,443.39512953316614,45.65494844861835,6.39169278280657
N-Methyl-3-piperidyl benzilate,325.41,2.71,C20H23NO3,3321-80-0,7.8e-10,0.43,Psychomimetic,CN1CCCC(C1)OC(=O)C(C2=CC=CC=C2)(C3=CC=CC=C3)O,20,23,1,3,3,8.49,9.12E-11,1.642186075784266,8.881908556631225e-12,9.795889735028824e-06,0.0014665740628623692,452.35860290362825,28.50027899660302,12.255119968539297
Nitrogen dioxide,46.01,-0.58,NO2,10102-44-0,6.12e-10,170.9,Lung injurant,N(=O)[O],0,0,1,2,0,0.0,0.0245,73.31347737852604,3.2594648171165055e-10,2.8426609407275042e-08,0.00036269703057764224,1163.0529243446797,3.201378015358813,547.1155028248212
Osmium tetroxide,254.23,2.23,OsO4,20816-12-0,1.01e-11,0.28,Lung injurant,O=[Os](=O)(=O)=O,0,0,0,4,0,0.0,1.21e-14,0.7184780835110272,2.2238950982284732e-11,2.6869091963450646e-07,0.0017705655097528543,964.199402447289,19.149202652212875,5.361776742619606
Pentazocine,285.43,4.64,C19H27NO,359-83-1,3.12e-07,0.06,Psychomimetic,CC1C2CC3=C(C1(CCN2CC=C(C)C)C)C=C(C=C3)O,19,27,1,1,1,7.0,8.75e-10,2.430491746405197,1.4872853414647684e-11,0.0007710703731391283,0.04613090768548837,445.42548701263803,302.29996845835785,18.13799810750147
Perchloromethyl mercaptan,185.88,3.47,CCl3SCl,594-42-3,3.0,0.06,Lung injurant,C(SCl)(Cl)(Cl)Cl,1,0,0,0,0,0.0,0.000241,0.4929364104679771,5.3687638012331626e-11,18467.818970007207,0.028136624843403978,1039.1469056895644,61.31049881442501,3.6786299288655004
Perchloryl fluoride,102.45,-3.22,ClFO3,7616-94-6,4.51e-08,1000.0,Lung injurant,O=[Cl](=O)(=O)F,0,0,0,3,0,0,0.0245,121.55534595944978,1.5742811581073313e-10,8.443615751780798e-05,3.17015137272524e-06,1076.7427715691829,0.9071294474585805,907.1294474585804
Perfluoroisobutene,200.03,3.03,C4F8,382-21-8,1750.0,0.11,Lung injurant,C(=C(F)F)(C(F)(F)F)C(F)(F)F,4,0,0,0,0,0,34.4,0.5664881136322858,4.4733646099303945e-11,10578689.570653675,0.012012461257623007,742.1904856243985,38.432029418743944,4.227523236061834
Pethidine,247.34,2.72,C15H21NO2,57-42-1,8.43e-07,6.55,Psychomimetic,CCOC(=O)C1(CCN(CC1)C)C2=CC=CC=C2,15,21,1,2,2,8.7,9.61e-09,25.237995830068638,2.4305149547614726e-11,0.00020682656102733688,0.004074703384220795,492.05504380826983,28.754695032549435,188.34325246319878
Phenacyl bromide,199.05,2.19,C8H7BrO,70-11-1,0.0147,0.6,Riot control,C1=CC=C(C=C1)C(=O)CBr,8,7,0,1,1,0.0,1.13e-06,1.4927465630754444,4.530251341039929e-11,47.425327047567585,0.0033940637865589444,613.4710547387883,18.566499540739358,11.139899724443614
Phencyclidine,243.4,4.69,C17H25N,77-10-1,0.000191,0.03,Psychomimetic,C1CCC(CC1)(C2=CC=CC=C2)N3CCCCC3,17,25,1,0,3,10.49,5.53e-06,1.3145701487717516,2.5571858792384267e-11,0.4742767066470763,0.08557757977271334,486.80061384238167,327.00749969446554,9.810224990833966
Phenylcarbylamine chloride,174.03,2.54,C7H5ClN2,622-44-6,0.178,0.4,Lung injurant,C1=CC=C(C=C1)N=C(Cl)Cl,7,5,1,0,1,3.84,0.000151,1.3187364367073542,6.2551005828335e-11,338.26647485168456,0.007976860552537893,647.5880625863865,24.603291729614813,9.841316691845925
Phenyldichloroarsine,222.93,3.06,C6H5AsCl2,696-28-6,0.113,0.08,Blister agent,C1=CC=C(C=C1)[As](Cl)Cl,6,5,0,0,1,undefined,undefined,0.4244012188835176,3.3296171330200055e-11,1234.8455236635095,0.009358193049961066,682.0868351499829,39.58966594062664,3.167173275250131
Phosgene,98.92,-0.71,CCl2O,75-44-5,1420.0,475.1,Lung injurant,C(=O)(Cl)Cl,1,0,0,1,0,0,0.0167,189.642207618513,1.6475943637011653e-10,107059.9956619505,0.00015046933444240427,1012.6976633823132,2.9788262583919956,1415.2403553620372
Phosgene oxime,113.93,0.73,CHClNO,1794-86-1,0.905,25.21,Blister agent,C(=NO)(Cl)Cl,1,1,1,1,0,undefined,undefined,23.316609992210005,1.357670237449418e-10,186.11504541393487,0.001106093907027682,935.5169483718723,6.902203577178566,174.00455218067165
Phosphine,34.0,-0.27,PH3,7803-51-2,29300.0,0.05,Lung injurant,P,0,3,0,0,0,0.0,0.0244,0.025548846214546585,3.805417382206471e-10,2348571810.148069,0.0006782659260153637,1486.001742960754,3.8132606290368036,0.1906630314518402
Phosphorous trifluoride,87.97,1.28,F3P,7783-55-3,1.64e-08,10.16,Blood agent,FP(F)F,0,0,0,0,0,undefined,undefined,13.322111895828252,1.8974498123088716e-10,5.629890188232483e-06,0.0035658904762261826,2627.696484395046,9.785309595596024,99.4187454912556
"Phosphorus, elemental, white or yellow",30.97,-0.27,P,7723-14-0,0.03,0.003,Lung injurant,[P],0,3,0,0,0,0.0,0.0244,0.0015329307728727951,3.957038699024742e-10,35626.863218619044,0.00070529044462304,1507.9828040274965,3.8132606290368036,0.01143978188711041
Procarbazine,221.3,0.06,C12H19N3O,671-16-9,8.41e-07,1.48,Psychomimetic,CC(C)NC(=O)C1=CC=C(C=C1)CNNC,12,19,3,1,1,7.01,8.92e-15,0.9152325119631195,3.400339634189901e-11,0.034552122188272104,0.00010007370987536268,511.05899979408343,4.614927954634528,6.830093372859101
Psilocybin,284.25,1.0,C12H17N2O4P,520-52-5,1.9e-12,21.43,Psychomimetic,CN(C)CCC1=CNC2=C1C(=CC=C2)OP(=O)(O)O,12,17,2,4,2,3.63,1.07e-19,23.466158452220373,1.510088143134168e-11,3.771432529487368e-09,0.00018543854028467963,515.7823154849681,8.171749205055116,175.12058546433113
Salcomin,325.23,4.53,C16H14CoN2O2,14167-18-1,2.13e-10,0.001,Lung injurant,C1=CC=C(C(=C1)C=NCCN=CC2=CC=CC=C2[O-])[O-].[Co+2],16,14,2,2,2,9.92,9.9e-10,0.03416510874307712,8.902547459914569e-12,7.708962737961222e-05,0.023362106532130153,483.2031446946157,254.96349808266507,0.25496349808266505
Sarin,140.09,0.3,C4H10FO2P,107-44-8,2.86,46.38,Nerve agent,CC(C)OP(=O)(C)F,4,10,0,2,0,undefined,5.72e-07,33.04985494551718,9.689431517852857e-11,770.2661370714866,0.0004106728574206047,680.5912942904008,5.317824677633369,246.64070854863567
Seleninyl chloride,165.87,-0.15,Cl2OSe,7791-23-3,0.965,86.47,Blister agent,O=[Se](Cl)Cl,0,0,0,1,0,undefined,undefined,47.33291867496666,6.949127781165087e-11,867.6358017139769,0.0001486373657969374,1294.8747831152298,4.085009094256369,353.2307363803482
Selenium dioxide,110.96,-0.77,SeO2,8/4/7446,2.04,491.8,Lung injurant,O=[Se]=O,0,0,0,2,0,0,9.68e-18,189.93813838456603,1.4106728164270304e-10,245.20927997442976,0.00011760451629275842,1164.514281688694,2.882165095393802,1417.4487939146718
Sesquimustard,219.2,2.99,C6H12Cl2S,3563-36-8,0.00268,0.1,Blister agent,C(CSCCCl)SCCCl,6,12,0,0,0,undefined,undefined,0.4952378705038439,3.493673354304563e-11,22.297999566215303,0.00882835930132102,622.8200240553368,36.95805003760029,3.6958050037600287
Sevoflurane,200.06,1.75,C4H3F7O,28523-86-6,193.0,1.41,Psychomimetic,C(OC(C(F)(F)F)C(F)(F)F)F,4,3,0,1,0,0.0,0.187,2.5407225113917242,4.471634493738162e-11,610300.9747818189,0.0017165798094015182,711.052407037651,13.447245217485573,18.960615756654658
Sodium monofluoroacetate,100.03,-3.78,C2H2FNaO2,62-74-8,1.66e-07,1110.0,Blood agent,C(C(=O)[O-])F.[Na+],2,2,0,2,0,undefined,undefined,110.95115834148477,1.6241805208509412e-10,0.000483728152408611,1.3964712530696914e-06,839.286028689427,0.7459402873570308,827.9937189663042
Soman,182.17,1.78,C7H16FO2P,96-64-0,0.41,21.0,Nerve agent,CC(C(C)(C)C)OP(=O)(C)F,7,16,0,2,0,undefined,4.7e-06,38.647896974304665,5.631839864488405e-11,49.30578742528493,0.002262809534493725,583.0374973684013,13.73414959996612,288.4171415992885
Stibine,124.78,0.73,H3Sb,7803-52-3,0.0,22.97,Blood agent,[SbH3],0,3,0,0,0,undefined,undefined,21.244844566484083,1.1804138529555122e-10,0.0,0.000961683135205213,1297.130684863411,6.902203577178566,158.54361616779167
Sulfur Mustard,159.08,2.14,C4H8Cl2S,505-60-2,0.11,0.68,Blister agent,C(CCl)SCCCl,4,8,0,0,0,undefined,undefined,1.6283469483029316,7.584977513266247e-11,186.0958428643611,0.0052668627359671125,707.9153428767809,17.870357202622163,12.151842897783071
Sulfuryl fluoride,102.06,0.41,SO2F2,2699-79-8,12800.0,0.75,Lung injurant,O=S(=O)(F)F,0,0,0,2,0,0.0,0.136,0.5708191195818407,1.5822179150023683e-10,138511378.83186752,0.0007926181263980853,1171.486236150098,5.679792234645181,4.259844175983885
Tabun,162.13,0.38,C5H11N2O2P,77-81-6,0.07,98.0,Nerve agent,CCOP(=O)(C#N)N(C)C,5,11,2,2,0,3.51,1.5e-07,73.25536363466486,7.292464062765368e-11,11.168606868742048,0.00034903742820477954,625.6445493054085,5.578385899685109,546.6818181691407
Tetranitromethane,196.03,-2.05,CN4O8,509-14-8,8.42,0.9,Lung injurant,C([N+](=O)[O-])([N+](=O)[O-])([N+](=O)[O-])[N+](=O)[O-],1,0,4,8,0,0,7.87e-15,0.18019017552383298,4.710145224224927e-11,12270563.873932574,5.613477677834869e-06,698.0658727981521,1.4941142249074044,1.344702802416664
Trichloronitrosomethane,148.38,2.0,CCl3NO,3711-49-7,108.0,1.51,Lung injurant,C(N=O)(Cl)(Cl)Cl,1,0,1,1,0,5.33,9.81e-06,3.2563773155908837,8.707115343175054e-11,109317.04692649847,0.00488733377840476,935.6851229416241,16.093591556740552,24.301323250678234
Trifluoroacetyl chloride,132.47,-0.06,C2ClF3O,354-32-5,224.0,100.4,Lung injurant,C(=O)(C(F)(F)F)Cl,2,0,0,1,0,0.0,0.00045,57.893789423354534,1.0689817665910319e-10,52774.55324308005,0.00026216094870681325,870.067069751138,4.303219169839636,432.0432046518995
Trifluoronitrosomethane,99.01,1.06,CF3NO,334-99-6,7460.0,14.58,Lung injurant,C(N=O)(F)(F)F,1,0,1,1,0,7.99,0.00177,16.586003544528946,1.6456834347194644e-10,1182494.8683014447,0.0022138286320729107,960.4503271763983,8.48944758948516,123.77614585469362
Uranium hexafluoride,352.02,0.21,F6U,7783-81-5,8.65e-07,12.63,Lung injurant,F[U](F)(F)(F)(F)F,0,0,0,0,0,0.0,0.0245,8.531450173735355,6.302172663971064e-12,0.13661198427078286,2.3296356306084387e-05,2453.51496953327,5.040976928738347,63.66753860996533
Xylyl bromide,185.06,3.43,C8H9Br,104-81-4,0.0992,0.06,Riot control,CC1=CC=C(C=C1)CBr,8,9,0,0,1,0,0.000756,0.47105710151459657,5.42583143805649e-11,379.8926669613899,0.026758637734605198,617.5099204103705,58.58919173067121,3.5153515038402725
apomorphine,267.33,2.3,C17H17NO2,58-00-4,8.72e-10,0.62,Psychomimetic,CN1CCC2=C3C1CC4=C(C3=CC=C2)C(=C(C=C4)O)O,17,17,1,2,4,6.77,5.8e-16,1.6805595219586227,1.8782538927221855e-11,6.080569745040222e-06,0.001663228813369299,499.9375856856008,20.228208015871722,12.541488969840467
benzyl bromide,171.04,2.92,C7H7Br,100-39-0,0.45,0.2,Riot control,C1=CC=C(C=C1)CBr,7,7,0,0,1,0.0,0.000685,0.9261039501362548,6.500972031154992e-11,912.6586708840291,0.014769847118909787,651.0227816913124,34.556117542397566,6.911223508479513
benzyl chloride,126.59,2.3,C7H7Cl,100-44-7,1.23,0.53,Riot control,C1=CC=C(C=C1)CCl,7,7,0,0,1,0.0,0.000412,1.4366073332872098,1.1531831755662797e-10,1024.5296409663988,0.010211651854556998,661.887065181916,20.228208015871722,10.720950248412013
cadmium chloride,183.32,-1.65,CdCl2,10108-64-2,3.63e-10,1000.0,Lung injurant,Cl[Cd]Cl,0,0,0,0,0,0,8.76e-17,243.2520693311878,5.548943433543432e-11,7.397847682097704e-07,1.214529309966395e-05,2509.5099368557894,1.8153139502327447,1815.3139502327447
nitric oxide,31.01,0.74,NO,10102-43-9,295000.0,26.9,Lung injurant,[N]=O,0,1,1,1,0,0.0,0.000102,25.033854353626676,3.9549982675720343e-10,7238806.520533065,0.0032714779690749926,1294.2896397364848,6.944974297738078,186.81980860915428
sulfur dioxide,64.06,-2.2,SO2,9/5/7446,3000.0,107.0,Lung injurant,O=S=O,0,0,0,2,0,0.0,9.74e-11,19.971540973251848,2.582654417873885e-10,4813482.882473554,2.450552437025998e-05,1220.649643149425,1.3929098181930426,149.04135054665556
thiophosgene,114.98,-0.15,CCl2S,463-71-8,116.0,140.7,Riot control,C(=S)(Cl)Cl,1,0,0,0,0,0.0,0.00586,77.01794446129074,1.3394123456308953e-10,18999.02501267613,0.000286491670667041,1067.2081336563344,4.085009094256369,574.7607795618711
